id,world_id,instance_id,vrc_user_id,vrc_display_name,created_at
346f7a73-0ce8-4b2e-9b53-30b704743c2f,wrld_5e674804-68c1-46df-851d-e28277c65793,01427,usr_a2edd54c-151c-4b84-ba7b-bbf9c0169789,アリシリア,2026-01-14T21:44:09.851468
b393289b-579b-4eb8-866d-8318a7315829,wrld_24009ebc-87e4-40a0-ad24-bc11cb3c0cf4,82358,usr_a2edd54c-151c-4b84-ba7b-bbf9c0169789,アリシリア,2026-01-14T21:44:09.861691
64fd568b-ea9d-40f0-b196-4ad1373d8e66,wrld_24009ebc-87e4-40a0-ad24-bc11cb3c0cf4,82358,usr_a2edd54c-151c-4b84-ba7b-bbf9c0169789,アリシリア,2026-01-14T21:44:09.870769
a8c44592-1577-493f-8cac-5de366f0dd7a,wrld_5e674804-68c1-46df-851d-e28277c65793,27891,usr_a2edd54c-151c-4b84-ba7b-bbf9c0169789,アリシリア,2026-01-14T21:44:09.879549
c37a197d-e918-4477-899a-954aead0c329,wrld_b8562984-4c23-4374-9421-47e1495de24b,51649,usr_a2edd54c-151c-4b84-ba7b-bbf9c0169789,アリシリア,2026-01-14T21:44:09.891257
e745d0c1-b765-4805-9c94-945fc00301f3,wrld_71993338-2b52-4d40-9efe-73f58b639ce7,63653,usr_a2edd54c-151c-4b84-ba7b-bbf9c0169789,アリシリア,2026-01-14T21:44:09.901362
a7085252-bd60-4a9d-9d08-61b6f86aca29,wrld_5e674804-68c1-46df-851d-e28277c65793,12348,,,2026-01-14T23:00:18.112694
2bdd490b-e04a-4d03-a609-8833065ec3d8,wrld_328aae25-f3fc-43db-aefd-7085b6149bbb,48465,,,2026-01-14T23:00:18.123041
8ffd9c40-027c-43fd-a37d-fc8d7491bf42,wrld_4a64b637-195f-475c-99bc-9d51e7aa52bc,45848,,,2026-01-14T23:00:18.133123
2be94617-abf9-4e1d-8820-65c6880bf82a,wrld_d619675d-139d-4e58-bcda-da26a3c75c0e,13727,,,2026-01-14T23:00:18.143597
8e7d31b1-745e-4b12-ad24-eaa8242e88df,wrld_16d9050c-9378-4a0e-93f1-72fb4af8e5ab,62556,,,2026-01-14T23:00:18.155153
a9162a20-74ea-40d8-b2b9-3e60f22ebfbc,wrld_20052280-32ef-4d5d-b2e8-8e081f2d58c8,02728,,,2026-01-14T23:00:18.167189
